path,resolution,series,sys_id,img_id,format,date
3000/pollen_26_2600.jpg,3000,sheets,26,2600,jpg,2022-02-12
800/pollen_26_2600.jpg,800,sheets,26,2600,jpg,2022-02-12
3000/pollen_26_2601.jpg,3000,sheets,26,2601,jpg,2022-02-12
800/pollen_26_2601.jpg,800,sheets,26,2601,jpg,2022-02-12
3000/pollen_26_2602.jpg,3000,sheets,26,2602,jpg,2022-02-12
800/pollen_26_2602.jpg,800,sheets,26,2602,jpg,2022-02-12
3000/pollen_26_2603.jpg,3000,sheets,26,2603,jpg,2022-02-12
800/pollen_26_2603.jpg,800,sheets,26,2603,jpg,2022-02-12
3000/pollen_26_2604.jpg,3000,sheets,26,2604,jpg,2022-02-12
800/pollen_26_2604.jpg,800,sheets,26,2604,jpg,2022-02-12
3000/pollen_26_2605.jpg,3000,sheets,26,2605,jpg,2022-02-12
800/pollen_26_2605.jpg,800,sheets,26,2605,jpg,2022-02-12
3000/pollen_26_2606.jpg,3000,sheets,26,2606,jpg,2022-02-12
800/pollen_26_2606.jpg,800,sheets,26,2606,jpg,2022-02-12
3000/pollen_26_2607.jpg,3000,sheets,26,2607,jpg,2022-02-12
800/pollen_26_2607.jpg,800,sheets,26,2607,jpg,2022-02-12
3000/pollen_26_2608.jpg,3000,sheets,26,2608,jpg,2022-02-12
800/pollen_26_2608.jpg,800,sheets,26,2608,jpg,2022-02-12
3000/pollen_26_2609.jpg,3000,sheets,26,2609,jpg,2022-02-12
800/pollen_26_2609.jpg,800,sheets,26,2609,jpg,2022-02-12
3000/pollen_26_2610.jpg,3000,sheets,26,2610,jpg,2022-02-12
800/pollen_26_2610.jpg,800,sheets,26,2610,jpg,2022-02-12
3000/pollen_26_2611.jpg,3000,sheets,26,2611,jpg,2022-02-12
800/pollen_26_2611.jpg,800,sheets,26,2611,jpg,2022-02-12
3000/pollen_26_2612.jpg,3000,sheets,26,2612,jpg,2022-02-12
800/pollen_26_2612.jpg,800,sheets,26,2612,jpg,2022-02-12
3000/pollen_26_2613.jpg,3000,sheets,26,2613,jpg,2022-02-12
800/pollen_26_2613.jpg,800,sheets,26,2613,jpg,2022-02-12
3000/pollen_26_2614.jpg,3000,sheets,26,2614,jpg,2022-02-12
800/pollen_26_2614.jpg,800,sheets,26,2614,jpg,2022-02-12
3000/pollen_26_2615.jpg,3000,sheets,26,2615,jpg,2022-02-12
800/pollen_26_2615.jpg,800,sheets,26,2615,jpg,2022-02-12
3000/pollen_26_2616.jpg,3000,sheets,26,2616,jpg,2022-02-12
800/pollen_26_2616.jpg,800,sheets,26,2616,jpg,2022-02-12
3000/pollen_26_2617.jpg,3000,sheets,26,2617,jpg,2022-02-12
800/pollen_26_2617.jpg,800,sheets,26,2617,jpg,2022-02-12
3000/pollen_26_2618.jpg,3000,sheets,26,2618,jpg,2022-02-12
800/pollen_26_2618.jpg,800,sheets,26,2618,jpg,2022-02-12
3000/pollen_26_2619.jpg,3000,sheets,26,2619,jpg,2022-02-12
800/pollen_26_2619.jpg,800,sheets,26,2619,jpg,2022-02-12
3000/pollen_26_2620.jpg,3000,sheets,26,2620,jpg,2022-02-12
800/pollen_26_2620.jpg,800,sheets,26,2620,jpg,2022-02-12
3000/pollen_26_2621.jpg,3000,sheets,26,2621,jpg,2022-02-12
800/pollen_26_2621.jpg,800,sheets,26,2621,jpg,2022-02-12
3000/pollen_26_2622.jpg,3000,sheets,26,2622,jpg,2022-02-12
800/pollen_26_2622.jpg,800,sheets,26,2622,jpg,2022-02-12
3000/pollen_26_2623.jpg,3000,sheets,26,2623,jpg,2022-02-12
800/pollen_26_2623.jpg,800,sheets,26,2623,jpg,2022-02-12
3000/pollen_26_2624.jpg,3000,sheets,26,2624,jpg,2022-02-12
800/pollen_26_2624.jpg,800,sheets,26,2624,jpg,2022-02-12
3000/pollen_26_2625.jpg,3000,sheets,26,2625,jpg,2022-02-12
800/pollen_26_2625.jpg,800,sheets,26,2625,jpg,2022-02-12
3000/pollen_26_2626.jpg,3000,sheets,26,2626,jpg,2022-02-12
800/pollen_26_2626.jpg,800,sheets,26,2626,jpg,2022-02-12
3000/pollen_26_2627.jpg,3000,sheets,26,2627,jpg,2022-02-12
800/pollen_26_2627.jpg,800,sheets,26,2627,jpg,2022-02-12
3000/pollen_26_2628.jpg,3000,sheets,26,2628,jpg,2022-02-12
800/pollen_26_2628.jpg,800,sheets,26,2628,jpg,2022-02-12
3000/pollen_26_2629.jpg,3000,sheets,26,2629,jpg,2022-02-12
800/pollen_26_2629.jpg,800,sheets,26,2629,jpg,2022-02-12
3000/pollen_26_2630.jpg,3000,sheets,26,2630,jpg,2022-02-12
800/pollen_26_2630.jpg,800,sheets,26,2630,jpg,2022-02-12
3000/pollen_26_2631.jpg,3000,sheets,26,2631,jpg,2022-02-12
800/pollen_26_2631.jpg,800,sheets,26,2631,jpg,2022-02-12
3000/pollen_26_2632.jpg,3000,sheets,26,2632,jpg,2022-02-12
800/pollen_26_2632.jpg,800,sheets,26,2632,jpg,2022-02-12
3000/pollen_26_2633.jpg,3000,sheets,26,2633,jpg,2022-02-12
800/pollen_26_2633.jpg,800,sheets,26,2633,jpg,2022-02-12
3000/pollen_26_2634.jpg,3000,sheets,26,2634,jpg,2022-02-12
800/pollen_26_2634.jpg,800,sheets,26,2634,jpg,2022-02-12
3000/pollen_26_2635.jpg,3000,sheets,26,2635,jpg,2022-02-12
800/pollen_26_2635.jpg,800,sheets,26,2635,jpg,2022-02-12
3000/pollen_26_2636.jpg,3000,sheets,26,2636,jpg,2022-02-12
800/pollen_26_2636.jpg,800,sheets,26,2636,jpg,2022-02-12
3000/pollen_26_2637.jpg,3000,sheets,26,2637,jpg,2022-02-12
800/pollen_26_2637.jpg,800,sheets,26,2637,jpg,2022-02-12
3000/pollen_26_2638.jpg,3000,sheets,26,2638,jpg,2022-02-12
800/pollen_26_2638.jpg,800,sheets,26,2638,jpg,2022-02-12
3000/pollen_26_2639.jpg,3000,sheets,26,2639,jpg,2022-02-12
800/pollen_26_2639.jpg,800,sheets,26,2639,jpg,2022-02-12
3000/pollen_26_2640.jpg,3000,sheets,26,2640,jpg,2022-02-12
800/pollen_26_2640.jpg,800,sheets,26,2640,jpg,2022-02-12
3000/pollen_26_2641.jpg,3000,sheets,26,2641,jpg,2022-02-12
800/pollen_26_2641.jpg,800,sheets,26,2641,jpg,2022-02-12
3000/pollen_26_2642.jpg,3000,sheets,26,2642,jpg,2022-02-12
800/pollen_26_2642.jpg,800,sheets,26,2642,jpg,2022-02-12
3000/pollen_26_2643.jpg,3000,sheets,26,2643,jpg,2022-02-12
800/pollen_26_2643.jpg,800,sheets,26,2643,jpg,2022-02-12
3000/pollen_26_2644.jpg,3000,sheets,26,2644,jpg,2022-02-12
800/pollen_26_2644.jpg,800,sheets,26,2644,jpg,2022-02-12
3000/pollen_26_2645.jpg,3000,sheets,26,2645,jpg,2022-02-12
800/pollen_26_2645.jpg,800,sheets,26,2645,jpg,2022-02-12
3000/pollen_26_2646.jpg,3000,sheets,26,2646,jpg,2022-02-12
800/pollen_26_2646.jpg,800,sheets,26,2646,jpg,2022-02-12
3000/pollen_26_2647.jpg,3000,sheets,26,2647,jpg,2022-02-12
800/pollen_26_2647.jpg,800,sheets,26,2647,jpg,2022-02-12
3000/pollen_26_2648.jpg,3000,sheets,26,2648,jpg,2022-02-12
800/pollen_26_2648.jpg,800,sheets,26,2648,jpg,2022-02-12
3000/pollen_26_2649.jpg,3000,sheets,26,2649,jpg,2022-02-12
800/pollen_26_2649.jpg,800,sheets,26,2649,jpg,2022-02-12
3000/pollen_26_2650.jpg,3000,sheets,26,2650,jpg,2022-02-12
800/pollen_26_2650.jpg,800,sheets,26,2650,jpg,2022-02-12
3000/pollen_26_2651.jpg,3000,sheets,26,2651,jpg,2022-02-12
800/pollen_26_2651.jpg,800,sheets,26,2651,jpg,2022-02-12
3000/pollen_26_2652.jpg,3000,sheets,26,2652,jpg,2022-02-12
800/pollen_26_2652.jpg,800,sheets,26,2652,jpg,2022-02-12
3000/pollen_26_2653.jpg,3000,sheets,26,2653,jpg,2022-02-12
800/pollen_26_2653.jpg,800,sheets,26,2653,jpg,2022-02-12
3000/pollen_26_2654.jpg,3000,sheets,26,2654,jpg,2022-02-12
800/pollen_26_2654.jpg,800,sheets,26,2654,jpg,2022-02-12
3000/pollen_26_2655.jpg,3000,sheets,26,2655,jpg,2022-02-12
800/pollen_26_2655.jpg,800,sheets,26,2655,jpg,2022-02-12
3000/pollen_26_2656.jpg,3000,sheets,26,2656,jpg,2022-02-12
800/pollen_26_2656.jpg,800,sheets,26,2656,jpg,2022-02-12
3000/pollen_26_2657.jpg,3000,sheets,26,2657,jpg,2022-02-12
800/pollen_26_2657.jpg,800,sheets,26,2657,jpg,2022-02-12
3000/pollen_26_2658.jpg,3000,sheets,26,2658,jpg,2022-02-12
800/pollen_26_2658.jpg,800,sheets,26,2658,jpg,2022-02-12
3000/pollen_26_2659.jpg,3000,sheets,26,2659,jpg,2022-02-12
800/pollen_26_2659.jpg,800,sheets,26,2659,jpg,2022-02-12
3000/pollen_26_2660.jpg,3000,sheets,26,2660,jpg,2022-02-12
800/pollen_26_2660.jpg,800,sheets,26,2660,jpg,2022-02-12
3000/pollen_26_2661.jpg,3000,sheets,26,2661,jpg,2022-02-12
800/pollen_26_2661.jpg,800,sheets,26,2661,jpg,2022-02-12
3000/pollen_26_2662.jpg,3000,sheets,26,2662,jpg,2022-02-12
800/pollen_26_2662.jpg,800,sheets,26,2662,jpg,2022-02-12
3000/pollen_26_2663.jpg,3000,sheets,26,2663,jpg,2022-02-12
800/pollen_26_2663.jpg,800,sheets,26,2663,jpg,2022-02-12
3000/pollen_26_2664.jpg,3000,sheets,26,2664,jpg,2022-02-12
800/pollen_26_2664.jpg,800,sheets,26,2664,jpg,2022-02-12
3000/pollen_26_2665.jpg,3000,sheets,26,2665,jpg,2022-02-12
800/pollen_26_2665.jpg,800,sheets,26,2665,jpg,2022-02-12
3000/pollen_26_2666.jpg,3000,sheets,26,2666,jpg,2022-02-12
800/pollen_26_2666.jpg,800,sheets,26,2666,jpg,2022-02-12
3000/pollen_26_2667.jpg,3000,sheets,26,2667,jpg,2022-02-12
800/pollen_26_2667.jpg,800,sheets,26,2667,jpg,2022-02-12
3000/pollen_26_2668.jpg,3000,sheets,26,2668,jpg,2022-02-12
800/pollen_26_2668.jpg,800,sheets,26,2668,jpg,2022-02-12
3000/pollen_26_2669.jpg,3000,sheets,26,2669,jpg,2022-02-12
800/pollen_26_2669.jpg,800,sheets,26,2669,jpg,2022-02-12
3000/pollen_26_2670.jpg,3000,sheets,26,2670,jpg,2022-02-12
800/pollen_26_2670.jpg,800,sheets,26,2670,jpg,2022-02-12
3000/pollen_26_2671.jpg,3000,sheets,26,2671,jpg,2022-02-12
800/pollen_26_2671.jpg,800,sheets,26,2671,jpg,2022-02-12
3000/pollen_26_2672.jpg,3000,sheets,26,2672,jpg,2022-02-12
800/pollen_26_2672.jpg,800,sheets,26,2672,jpg,2022-02-12
3000/pollen_26_2673.jpg,3000,sheets,26,2673,jpg,2022-02-12
800/pollen_26_2673.jpg,800,sheets,26,2673,jpg,2022-02-12
3000/pollen_26_2674.jpg,3000,sheets,26,2674,jpg,2022-02-12
800/pollen_26_2674.jpg,800,sheets,26,2674,jpg,2022-02-12
3000/pollen_26_2675.jpg,3000,sheets,26,2675,jpg,2022-02-12
800/pollen_26_2675.jpg,800,sheets,26,2675,jpg,2022-02-12
3000/pollen_26_2676.jpg,3000,sheets,26,2676,jpg,2022-02-12
800/pollen_26_2676.jpg,800,sheets,26,2676,jpg,2022-02-12
3000/pollen_26_2677.jpg,3000,sheets,26,2677,jpg,2022-02-12
800/pollen_26_2677.jpg,800,sheets,26,2677,jpg,2022-02-12
3000/pollen_26_2678.jpg,3000,sheets,26,2678,jpg,2022-02-12
800/pollen_26_2678.jpg,800,sheets,26,2678,jpg,2022-02-12
3000/pollen_26_2679.jpg,3000,sheets,26,2679,jpg,2022-02-12
800/pollen_26_2679.jpg,800,sheets,26,2679,jpg,2022-02-12
3000/pollen_26_2680.jpg,3000,sheets,26,2680,jpg,2022-02-12
800/pollen_26_2680.jpg,800,sheets,26,2680,jpg,2022-02-12
3000/pollen_26_2681.jpg,3000,sheets,26,2681,jpg,2022-02-12
800/pollen_26_2681.jpg,800,sheets,26,2681,jpg,2022-02-12
3000/pollen_26_2682.jpg,3000,sheets,26,2682,jpg,2022-02-12
800/pollen_26_2682.jpg,800,sheets,26,2682,jpg,2022-02-12
3000/pollen_26_2683.jpg,3000,sheets,26,2683,jpg,2022-02-12
800/pollen_26_2683.jpg,800,sheets,26,2683,jpg,2022-02-12
3000/pollen_26_2684.jpg,3000,sheets,26,2684,jpg,2022-02-12
800/pollen_26_2684.jpg,800,sheets,26,2684,jpg,2022-02-12
3000/pollen_26_2685.jpg,3000,sheets,26,2685,jpg,2022-02-12
800/pollen_26_2685.jpg,800,sheets,26,2685,jpg,2022-02-12
3000/pollen_26_2686.jpg,3000,sheets,26,2686,jpg,2022-02-12
800/pollen_26_2686.jpg,800,sheets,26,2686,jpg,2022-02-12
3000/pollen_26_2687.jpg,3000,sheets,26,2687,jpg,2022-02-12
800/pollen_26_2687.jpg,800,sheets,26,2687,jpg,2022-02-12
3000/pollen_26_2688.jpg,3000,sheets,26,2688,jpg,2022-02-12
800/pollen_26_2688.jpg,800,sheets,26,2688,jpg,2022-02-12
3000/pollen_26_2689.jpg,3000,sheets,26,2689,jpg,2022-02-12
800/pollen_26_2689.jpg,800,sheets,26,2689,jpg,2022-02-12
3000/pollen_26_2690.jpg,3000,sheets,26,2690,jpg,2022-02-12
800/pollen_26_2690.jpg,800,sheets,26,2690,jpg,2022-02-12
3000/pollen_26_2691.jpg,3000,sheets,26,2691,jpg,2022-02-12
800/pollen_26_2691.jpg,800,sheets,26,2691,jpg,2022-02-12
3000/pollen_26_2692.jpg,3000,sheets,26,2692,jpg,2022-02-12
800/pollen_26_2692.jpg,800,sheets,26,2692,jpg,2022-02-12
3000/pollen_26_2693.jpg,3000,sheets,26,2693,jpg,2022-02-12
800/pollen_26_2693.jpg,800,sheets,26,2693,jpg,2022-02-12
3000/pollen_26_2694.jpg,3000,sheets,26,2694,jpg,2022-02-12
800/pollen_26_2694.jpg,800,sheets,26,2694,jpg,2022-02-12
3000/pollen_26_2695.jpg,3000,sheets,26,2695,jpg,2022-02-12
800/pollen_26_2695.jpg,800,sheets,26,2695,jpg,2022-02-12
3000/pollen_26_2696.jpg,3000,sheets,26,2696,jpg,2022-02-12
800/pollen_26_2696.jpg,800,sheets,26,2696,jpg,2022-02-12
3000/pollen_26_2697.jpg,3000,sheets,26,2697,jpg,2022-02-12
800/pollen_26_2697.jpg,800,sheets,26,2697,jpg,2022-02-12
3000/pollen_26_2698.jpg,3000,sheets,26,2698,jpg,2022-02-12
800/pollen_26_2698.jpg,800,sheets,26,2698,jpg,2022-02-12
3000/pollen_26_2699.jpg,3000,sheets,26,2699,jpg,2022-02-12
800/pollen_26_2699.jpg,800,sheets,26,2699,jpg,2022-02-12
3000/pollen_27_2700.jpg,3000,sheets,27,2700,jpg,2022-02-12
800/pollen_27_2700.jpg,800,sheets,27,2700,jpg,2022-02-12
3000/pollen_27_2701.jpg,3000,sheets,27,2701,jpg,2022-02-12
800/pollen_27_2701.jpg,800,sheets,27,2701,jpg,2022-02-12
3000/pollen_27_2702.jpg,3000,sheets,27,2702,jpg,2022-02-12
800/pollen_27_2702.jpg,800,sheets,27,2702,jpg,2022-02-12
3000/pollen_27_2703.jpg,3000,sheets,27,2703,jpg,2022-02-12
800/pollen_27_2703.jpg,800,sheets,27,2703,jpg,2022-02-12
3000/pollen_27_2704.jpg,3000,sheets,27,2704,jpg,2022-02-12
800/pollen_27_2704.jpg,800,sheets,27,2704,jpg,2022-02-12
3000/pollen_27_2705.jpg,3000,sheets,27,2705,jpg,2022-02-12
800/pollen_27_2705.jpg,800,sheets,27,2705,jpg,2022-02-12
3000/pollen_27_2706.jpg,3000,sheets,27,2706,jpg,2022-02-12
800/pollen_27_2706.jpg,800,sheets,27,2706,jpg,2022-02-12
3000/pollen_27_2707.jpg,3000,sheets,27,2707,jpg,2022-02-12
800/pollen_27_2707.jpg,800,sheets,27,2707,jpg,2022-02-12
3000/pollen_27_2708.jpg,3000,sheets,27,2708,jpg,2022-02-12
800/pollen_27_2708.jpg,800,sheets,27,2708,jpg,2022-02-12
3000/pollen_27_2709.jpg,3000,sheets,27,2709,jpg,2022-02-12
800/pollen_27_2709.jpg,800,sheets,27,2709,jpg,2022-02-12
3000/pollen_27_2710.jpg,3000,sheets,27,2710,jpg,2022-02-12
800/pollen_27_2710.jpg,800,sheets,27,2710,jpg,2022-02-12
3000/pollen_27_2711.jpg,3000,sheets,27,2711,jpg,2022-02-12
800/pollen_27_2711.jpg,800,sheets,27,2711,jpg,2022-02-12
3000/pollen_27_2712.jpg,3000,sheets,27,2712,jpg,2022-02-12
800/pollen_27_2712.jpg,800,sheets,27,2712,jpg,2022-02-12
3000/pollen_27_2713.jpg,3000,sheets,27,2713,jpg,2022-02-12
800/pollen_27_2713.jpg,800,sheets,27,2713,jpg,2022-02-12
3000/pollen_27_2714.jpg,3000,sheets,27,2714,jpg,2022-02-12
800/pollen_27_2714.jpg,800,sheets,27,2714,jpg,2022-02-12
3000/pollen_27_2715.jpg,3000,sheets,27,2715,jpg,2022-02-12
800/pollen_27_2715.jpg,800,sheets,27,2715,jpg,2022-02-12
3000/pollen_27_2716.jpg,3000,sheets,27,2716,jpg,2022-02-12
800/pollen_27_2716.jpg,800,sheets,27,2716,jpg,2022-02-12
3000/pollen_27_2717.jpg,3000,sheets,27,2717,jpg,2022-02-12
800/pollen_27_2717.jpg,800,sheets,27,2717,jpg,2022-02-12
3000/pollen_27_2718.jpg,3000,sheets,27,2718,jpg,2022-02-12
800/pollen_27_2718.jpg,800,sheets,27,2718,jpg,2022-02-12
3000/pollen_27_2719.jpg,3000,sheets,27,2719,jpg,2022-02-12
800/pollen_27_2719.jpg,800,sheets,27,2719,jpg,2022-02-12
3000/pollen_27_2720.jpg,3000,sheets,27,2720,jpg,2022-02-12
800/pollen_27_2720.jpg,800,sheets,27,2720,jpg,2022-02-12
3000/pollen_27_2721.jpg,3000,sheets,27,2721,jpg,2022-02-12
800/pollen_27_2721.jpg,800,sheets,27,2721,jpg,2022-02-12
3000/pollen_27_2722.jpg,3000,sheets,27,2722,jpg,2022-02-12
800/pollen_27_2722.jpg,800,sheets,27,2722,jpg,2022-02-12
3000/pollen_27_2723.jpg,3000,sheets,27,2723,jpg,2022-02-12
800/pollen_27_2723.jpg,800,sheets,27,2723,jpg,2022-02-12
3000/pollen_27_2724.jpg,3000,sheets,27,2724,jpg,2022-02-12
800/pollen_27_2724.jpg,800,sheets,27,2724,jpg,2022-02-12
3000/pollen_27_2725.jpg,3000,sheets,27,2725,jpg,2022-02-12
800/pollen_27_2725.jpg,800,sheets,27,2725,jpg,2022-02-12
3000/pollen_27_2726.jpg,3000,sheets,27,2726,jpg,2022-02-12
800/pollen_27_2726.jpg,800,sheets,27,2726,jpg,2022-02-12
3000/pollen_27_2727.jpg,3000,sheets,27,2727,jpg,2022-02-12
800/pollen_27_2727.jpg,800,sheets,27,2727,jpg,2022-02-12
3000/pollen_27_2728.jpg,3000,sheets,27,2728,jpg,2022-02-12
800/pollen_27_2728.jpg,800,sheets,27,2728,jpg,2022-02-12
3000/pollen_27_2729.jpg,3000,sheets,27,2729,jpg,2022-02-12
800/pollen_27_2729.jpg,800,sheets,27,2729,jpg,2022-02-12
3000/pollen_27_2730.jpg,3000,sheets,27,2730,jpg,2022-02-12
800/pollen_27_2730.jpg,800,sheets,27,2730,jpg,2022-02-12
3000/pollen_27_2731.jpg,3000,sheets,27,2731,jpg,2022-02-12
800/pollen_27_2731.jpg,800,sheets,27,2731,jpg,2022-02-12
3000/pollen_27_2732.jpg,3000,sheets,27,2732,jpg,2022-02-12
800/pollen_27_2732.jpg,800,sheets,27,2732,jpg,2022-02-12
3000/pollen_27_2733.jpg,3000,sheets,27,2733,jpg,2022-02-12
800/pollen_27_2733.jpg,800,sheets,27,2733,jpg,2022-02-12
3000/pollen_27_2734.jpg,3000,sheets,27,2734,jpg,2022-02-12
800/pollen_27_2734.jpg,800,sheets,27,2734,jpg,2022-02-12
3000/pollen_27_2735.jpg,3000,sheets,27,2735,jpg,2022-02-12
800/pollen_27_2735.jpg,800,sheets,27,2735,jpg,2022-02-12
3000/pollen_27_2736.jpg,3000,sheets,27,2736,jpg,2022-02-12
800/pollen_27_2736.jpg,800,sheets,27,2736,jpg,2022-02-12
3000/pollen_27_2737.jpg,3000,sheets,27,2737,jpg,2022-02-12
800/pollen_27_2737.jpg,800,sheets,27,2737,jpg,2022-02-12
3000/pollen_27_2738.jpg,3000,sheets,27,2738,jpg,2022-02-12
800/pollen_27_2738.jpg,800,sheets,27,2738,jpg,2022-02-12
3000/pollen_27_2739.jpg,3000,sheets,27,2739,jpg,2022-02-12
800/pollen_27_2739.jpg,800,sheets,27,2739,jpg,2022-02-12
3000/pollen_27_2740.jpg,3000,sheets,27,2740,jpg,2022-02-12
800/pollen_27_2740.jpg,800,sheets,27,2740,jpg,2022-02-12
3000/pollen_27_2741.jpg,3000,sheets,27,2741,jpg,2022-02-12
800/pollen_27_2741.jpg,800,sheets,27,2741,jpg,2022-02-12
3000/pollen_27_2742.jpg,3000,sheets,27,2742,jpg,2022-02-12
800/pollen_27_2742.jpg,800,sheets,27,2742,jpg,2022-02-12
3000/pollen_27_2743.jpg,3000,sheets,27,2743,jpg,2022-02-12
800/pollen_27_2743.jpg,800,sheets,27,2743,jpg,2022-02-12
3000/pollen_27_2744.jpg,3000,sheets,27,2744,jpg,2022-02-12
800/pollen_27_2744.jpg,800,sheets,27,2744,jpg,2022-02-12
3000/pollen_27_2745.jpg,3000,sheets,27,2745,jpg,2022-02-12
800/pollen_27_2745.jpg,800,sheets,27,2745,jpg,2022-02-12
3000/pollen_27_2746.jpg,3000,sheets,27,2746,jpg,2022-02-12
800/pollen_27_2746.jpg,800,sheets,27,2746,jpg,2022-02-12
3000/pollen_27_2747.jpg,3000,sheets,27,2747,jpg,2022-02-12
800/pollen_27_2747.jpg,800,sheets,27,2747,jpg,2022-02-12
3000/pollen_27_2748.jpg,3000,sheets,27,2748,jpg,2022-02-12
800/pollen_27_2748.jpg,800,sheets,27,2748,jpg,2022-02-12
3000/pollen_27_2749.jpg,3000,sheets,27,2749,jpg,2022-02-12
800/pollen_27_2749.jpg,800,sheets,27,2749,jpg,2022-02-12
3000/pollen_27_2750.jpg,3000,sheets,27,2750,jpg,2022-02-12
800/pollen_27_2750.jpg,800,sheets,27,2750,jpg,2022-02-12
3000/pollen_27_2751.jpg,3000,sheets,27,2751,jpg,2022-02-12
800/pollen_27_2751.jpg,800,sheets,27,2751,jpg,2022-02-12
3000/pollen_27_2752.jpg,3000,sheets,27,2752,jpg,2022-02-12
800/pollen_27_2752.jpg,800,sheets,27,2752,jpg,2022-02-12
3000/pollen_27_2753.jpg,3000,sheets,27,2753,jpg,2022-02-12
800/pollen_27_2753.jpg,800,sheets,27,2753,jpg,2022-02-12
3000/pollen_27_2754.jpg,3000,sheets,27,2754,jpg,2022-02-12
800/pollen_27_2754.jpg,800,sheets,27,2754,jpg,2022-02-12
3000/pollen_27_2755.jpg,3000,sheets,27,2755,jpg,2022-02-12
800/pollen_27_2755.jpg,800,sheets,27,2755,jpg,2022-02-12
3000/pollen_27_2756.jpg,3000,sheets,27,2756,jpg,2022-02-12
800/pollen_27_2756.jpg,800,sheets,27,2756,jpg,2022-02-12
3000/pollen_27_2757.jpg,3000,sheets,27,2757,jpg,2022-02-12
800/pollen_27_2757.jpg,800,sheets,27,2757,jpg,2022-02-12
3000/pollen_27_2758.jpg,3000,sheets,27,2758,jpg,2022-02-12
800/pollen_27_2758.jpg,800,sheets,27,2758,jpg,2022-02-12
3000/pollen_27_2759.jpg,3000,sheets,27,2759,jpg,2022-02-12
800/pollen_27_2759.jpg,800,sheets,27,2759,jpg,2022-02-12
3000/pollen_27_2760.jpg,3000,sheets,27,2760,jpg,2022-02-12
800/pollen_27_2760.jpg,800,sheets,27,2760,jpg,2022-02-12
3000/pollen_27_2761.jpg,3000,sheets,27,2761,jpg,2022-02-12
800/pollen_27_2761.jpg,800,sheets,27,2761,jpg,2022-02-12
3000/pollen_27_2762.jpg,3000,sheets,27,2762,jpg,2022-02-12
800/pollen_27_2762.jpg,800,sheets,27,2762,jpg,2022-02-12
3000/pollen_27_2763.jpg,3000,sheets,27,2763,jpg,2022-02-12
800/pollen_27_2763.jpg,800,sheets,27,2763,jpg,2022-02-12
3000/pollen_27_2764.jpg,3000,sheets,27,2764,jpg,2022-02-12
800/pollen_27_2764.jpg,800,sheets,27,2764,jpg,2022-02-12
3000/pollen_27_2765.jpg,3000,sheets,27,2765,jpg,2022-02-12
800/pollen_27_2765.jpg,800,sheets,27,2765,jpg,2022-02-12
3000/pollen_27_2766.jpg,3000,sheets,27,2766,jpg,2022-02-12
800/pollen_27_2766.jpg,800,sheets,27,2766,jpg,2022-02-12
3000/pollen_27_2767.jpg,3000,sheets,27,2767,jpg,2022-02-12
800/pollen_27_2767.jpg,800,sheets,27,2767,jpg,2022-02-12
3000/pollen_27_2768.jpg,3000,sheets,27,2768,jpg,2022-02-12
800/pollen_27_2768.jpg,800,sheets,27,2768,jpg,2022-02-12
3000/pollen_27_2769.jpg,3000,sheets,27,2769,jpg,2022-02-12
800/pollen_27_2769.jpg,800,sheets,27,2769,jpg,2022-02-12
3000/pollen_27_2770.jpg,3000,sheets,27,2770,jpg,2022-02-12
800/pollen_27_2770.jpg,800,sheets,27,2770,jpg,2022-02-12
3000/pollen_27_2771.jpg,3000,sheets,27,2771,jpg,2022-02-12
800/pollen_27_2771.jpg,800,sheets,27,2771,jpg,2022-02-12
3000/pollen_27_2772.jpg,3000,sheets,27,2772,jpg,2022-02-12
800/pollen_27_2772.jpg,800,sheets,27,2772,jpg,2022-02-12
3000/pollen_27_2773.jpg,3000,sheets,27,2773,jpg,2022-02-12
800/pollen_27_2773.jpg,800,sheets,27,2773,jpg,2022-02-12
3000/pollen_27_2774.jpg,3000,sheets,27,2774,jpg,2022-02-12
800/pollen_27_2774.jpg,800,sheets,27,2774,jpg,2022-02-12
3000/pollen_27_2775.jpg,3000,sheets,27,2775,jpg,2022-02-12
800/pollen_27_2775.jpg,800,sheets,27,2775,jpg,2022-02-12
3000/pollen_27_2776.jpg,3000,sheets,27,2776,jpg,2022-02-12
800/pollen_27_2776.jpg,800,sheets,27,2776,jpg,2022-02-12
3000/pollen_27_2777.jpg,3000,sheets,27,2777,jpg,2022-02-12
800/pollen_27_2777.jpg,800,sheets,27,2777,jpg,2022-02-12
3000/pollen_27_2778.jpg,3000,sheets,27,2778,jpg,2022-02-12
800/pollen_27_2778.jpg,800,sheets,27,2778,jpg,2022-02-12
3000/pollen_27_2779.jpg,3000,sheets,27,2779,jpg,2022-02-12
800/pollen_27_2779.jpg,800,sheets,27,2779,jpg,2022-02-12
3000/pollen_27_2780.jpg,3000,sheets,27,2780,jpg,2022-02-12
800/pollen_27_2780.jpg,800,sheets,27,2780,jpg,2022-02-12
3000/pollen_27_2781.jpg,3000,sheets,27,2781,jpg,2022-02-12
800/pollen_27_2781.jpg,800,sheets,27,2781,jpg,2022-02-12
3000/pollen_27_2782.jpg,3000,sheets,27,2782,jpg,2022-02-12
800/pollen_27_2782.jpg,800,sheets,27,2782,jpg,2022-02-12
3000/pollen_27_2783.jpg,3000,sheets,27,2783,jpg,2022-02-12
800/pollen_27_2783.jpg,800,sheets,27,2783,jpg,2022-02-12
3000/pollen_27_2784.jpg,3000,sheets,27,2784,jpg,2022-02-12
800/pollen_27_2784.jpg,800,sheets,27,2784,jpg,2022-02-12
3000/pollen_27_2785.jpg,3000,sheets,27,2785,jpg,2022-02-12
800/pollen_27_2785.jpg,800,sheets,27,2785,jpg,2022-02-12
3000/pollen_27_2786.jpg,3000,sheets,27,2786,jpg,2022-02-12
800/pollen_27_2786.jpg,800,sheets,27,2786,jpg,2022-02-12
3000/pollen_27_2787.jpg,3000,sheets,27,2787,jpg,2022-02-12
800/pollen_27_2787.jpg,800,sheets,27,2787,jpg,2022-02-12
3000/pollen_27_2788.jpg,3000,sheets,27,2788,jpg,2022-02-12
800/pollen_27_2788.jpg,800,sheets,27,2788,jpg,2022-02-12
3000/pollen_27_2789.jpg,3000,sheets,27,2789,jpg,2022-02-12
800/pollen_27_2789.jpg,800,sheets,27,2789,jpg,2022-02-12
3000/pollen_27_2790.jpg,3000,sheets,27,2790,jpg,2022-02-12
800/pollen_27_2790.jpg,800,sheets,27,2790,jpg,2022-02-12
3000/pollen_27_2791.jpg,3000,sheets,27,2791,jpg,2022-02-12
800/pollen_27_2791.jpg,800,sheets,27,2791,jpg,2022-02-12
3000/pollen_27_2792.jpg,3000,sheets,27,2792,jpg,2022-02-12
800/pollen_27_2792.jpg,800,sheets,27,2792,jpg,2022-02-12
3000/pollen_27_2793.jpg,3000,sheets,27,2793,jpg,2022-02-12
800/pollen_27_2793.jpg,800,sheets,27,2793,jpg,2022-02-12
3000/pollen_27_2794.jpg,3000,sheets,27,2794,jpg,2022-02-12
800/pollen_27_2794.jpg,800,sheets,27,2794,jpg,2022-02-12
3000/pollen_27_2795.jpg,3000,sheets,27,2795,jpg,2022-02-12
800/pollen_27_2795.jpg,800,sheets,27,2795,jpg,2022-02-12
3000/pollen_27_2796.jpg,3000,sheets,27,2796,jpg,2022-02-12
800/pollen_27_2796.jpg,800,sheets,27,2796,jpg,2022-02-12
3000/pollen_27_2797.jpg,3000,sheets,27,2797,jpg,2022-02-12
800/pollen_27_2797.jpg,800,sheets,27,2797,jpg,2022-02-12
3000/pollen_27_2798.jpg,3000,sheets,27,2798,jpg,2022-02-12
800/pollen_27_2798.jpg,800,sheets,27,2798,jpg,2022-02-12
3000/pollen_27_2799.jpg,3000,sheets,27,2799,jpg,2022-02-12
800/pollen_27_2799.jpg,800,sheets,27,2799,jpg,2022-02-12
3000/pollen_28_2800.jpg,3000,sheets,28,2800,jpg,2022-02-12
800/pollen_28_2800.jpg,800,sheets,28,2800,jpg,2022-02-12
3000/pollen_28_2801.jpg,3000,sheets,28,2801,jpg,2022-02-12
800/pollen_28_2801.jpg,800,sheets,28,2801,jpg,2022-02-12
3000/pollen_28_2802.jpg,3000,sheets,28,2802,jpg,2022-02-12
800/pollen_28_2802.jpg,800,sheets,28,2802,jpg,2022-02-12
3000/pollen_28_2803.jpg,3000,sheets,28,2803,jpg,2022-02-12
800/pollen_28_2803.jpg,800,sheets,28,2803,jpg,2022-02-12
3000/pollen_28_2804.jpg,3000,sheets,28,2804,jpg,2022-02-12
800/pollen_28_2804.jpg,800,sheets,28,2804,jpg,2022-02-12
3000/pollen_28_2805.jpg,3000,sheets,28,2805,jpg,2022-02-12
800/pollen_28_2805.jpg,800,sheets,28,2805,jpg,2022-02-12
3000/pollen_28_2806.jpg,3000,sheets,28,2806,jpg,2022-02-12
800/pollen_28_2806.jpg,800,sheets,28,2806,jpg,2022-02-12
3000/pollen_28_2807.jpg,3000,sheets,28,2807,jpg,2022-02-12
800/pollen_28_2807.jpg,800,sheets,28,2807,jpg,2022-02-12
3000/pollen_28_2808.jpg,3000,sheets,28,2808,jpg,2022-02-12
800/pollen_28_2808.jpg,800,sheets,28,2808,jpg,2022-02-12
3000/pollen_28_2809.jpg,3000,sheets,28,2809,jpg,2022-02-12
800/pollen_28_2809.jpg,800,sheets,28,2809,jpg,2022-02-12
3000/pollen_28_2810.jpg,3000,sheets,28,2810,jpg,2022-02-12
800/pollen_28_2810.jpg,800,sheets,28,2810,jpg,2022-02-12
3000/pollen_28_2811.jpg,3000,sheets,28,2811,jpg,2022-02-12
800/pollen_28_2811.jpg,800,sheets,28,2811,jpg,2022-02-12
3000/pollen_28_2812.jpg,3000,sheets,28,2812,jpg,2022-02-12
800/pollen_28_2812.jpg,800,sheets,28,2812,jpg,2022-02-12
3000/pollen_28_2813.jpg,3000,sheets,28,2813,jpg,2022-02-12
800/pollen_28_2813.jpg,800,sheets,28,2813,jpg,2022-02-12
3000/pollen_28_2814.jpg,3000,sheets,28,2814,jpg,2022-02-12
800/pollen_28_2814.jpg,800,sheets,28,2814,jpg,2022-02-12
3000/pollen_28_2815.jpg,3000,sheets,28,2815,jpg,2022-02-12
800/pollen_28_2815.jpg,800,sheets,28,2815,jpg,2022-02-12
3000/pollen_28_2816.jpg,3000,sheets,28,2816,jpg,2022-02-12
800/pollen_28_2816.jpg,800,sheets,28,2816,jpg,2022-02-12
3000/pollen_28_2817.jpg,3000,sheets,28,2817,jpg,2022-02-12
800/pollen_28_2817.jpg,800,sheets,28,2817,jpg,2022-02-12
3000/pollen_28_2818.jpg,3000,sheets,28,2818,jpg,2022-02-12
800/pollen_28_2818.jpg,800,sheets,28,2818,jpg,2022-02-12
3000/pollen_28_2819.jpg,3000,sheets,28,2819,jpg,2022-02-12
800/pollen_28_2819.jpg,800,sheets,28,2819,jpg,2022-02-12
3000/pollen_28_2820.jpg,3000,sheets,28,2820,jpg,2022-02-12
800/pollen_28_2820.jpg,800,sheets,28,2820,jpg,2022-02-12
3000/pollen_28_2821.jpg,3000,sheets,28,2821,jpg,2022-02-12
800/pollen_28_2821.jpg,800,sheets,28,2821,jpg,2022-02-12
3000/pollen_28_2822.jpg,3000,sheets,28,2822,jpg,2022-02-12
800/pollen_28_2822.jpg,800,sheets,28,2822,jpg,2022-02-12
3000/pollen_28_2823.jpg,3000,sheets,28,2823,jpg,2022-02-12
800/pollen_28_2823.jpg,800,sheets,28,2823,jpg,2022-02-12
3000/pollen_28_2824.jpg,3000,sheets,28,2824,jpg,2022-02-12
800/pollen_28_2824.jpg,800,sheets,28,2824,jpg,2022-02-12
3000/pollen_28_2825.jpg,3000,sheets,28,2825,jpg,2022-02-12
800/pollen_28_2825.jpg,800,sheets,28,2825,jpg,2022-02-12
3000/pollen_28_2826.jpg,3000,sheets,28,2826,jpg,2022-02-12
800/pollen_28_2826.jpg,800,sheets,28,2826,jpg,2022-02-12
3000/pollen_28_2827.jpg,3000,sheets,28,2827,jpg,2022-02-12
800/pollen_28_2827.jpg,800,sheets,28,2827,jpg,2022-02-12
3000/pollen_28_2828.jpg,3000,sheets,28,2828,jpg,2022-02-12
800/pollen_28_2828.jpg,800,sheets,28,2828,jpg,2022-02-12
3000/pollen_28_2829.jpg,3000,sheets,28,2829,jpg,2022-02-12
800/pollen_28_2829.jpg,800,sheets,28,2829,jpg,2022-02-12
3000/pollen_28_2830.jpg,3000,sheets,28,2830,jpg,2022-02-12
800/pollen_28_2830.jpg,800,sheets,28,2830,jpg,2022-02-12
3000/pollen_28_2831.jpg,3000,sheets,28,2831,jpg,2022-02-12
800/pollen_28_2831.jpg,800,sheets,28,2831,jpg,2022-02-12
3000/pollen_28_2832.jpg,3000,sheets,28,2832,jpg,2022-02-12
800/pollen_28_2832.jpg,800,sheets,28,2832,jpg,2022-02-12
3000/pollen_28_2833.jpg,3000,sheets,28,2833,jpg,2022-02-12
800/pollen_28_2833.jpg,800,sheets,28,2833,jpg,2022-02-12
3000/pollen_28_2834.jpg,3000,sheets,28,2834,jpg,2022-02-12
800/pollen_28_2834.jpg,800,sheets,28,2834,jpg,2022-02-12
3000/pollen_28_2835.jpg,3000,sheets,28,2835,jpg,2022-02-12
800/pollen_28_2835.jpg,800,sheets,28,2835,jpg,2022-02-12
3000/pollen_28_2836.jpg,3000,sheets,28,2836,jpg,2022-02-12
800/pollen_28_2836.jpg,800,sheets,28,2836,jpg,2022-02-12
3000/pollen_28_2837.jpg,3000,sheets,28,2837,jpg,2022-02-12
800/pollen_28_2837.jpg,800,sheets,28,2837,jpg,2022-02-12
3000/pollen_28_2838.jpg,3000,sheets,28,2838,jpg,2022-02-12
800/pollen_28_2838.jpg,800,sheets,28,2838,jpg,2022-02-12
3000/pollen_28_2839.jpg,3000,sheets,28,2839,jpg,2022-02-12
800/pollen_28_2839.jpg,800,sheets,28,2839,jpg,2022-02-12
3000/pollen_28_2840.jpg,3000,sheets,28,2840,jpg,2022-02-12
800/pollen_28_2840.jpg,800,sheets,28,2840,jpg,2022-02-12
3000/pollen_28_2841.jpg,3000,sheets,28,2841,jpg,2022-02-12
800/pollen_28_2841.jpg,800,sheets,28,2841,jpg,2022-02-12
3000/pollen_28_2842.jpg,3000,sheets,28,2842,jpg,2022-02-12
800/pollen_28_2842.jpg,800,sheets,28,2842,jpg,2022-02-12
3000/pollen_28_2843.jpg,3000,sheets,28,2843,jpg,2022-02-12
800/pollen_28_2843.jpg,800,sheets,28,2843,jpg,2022-02-12
3000/pollen_28_2844.jpg,3000,sheets,28,2844,jpg,2022-02-12
800/pollen_28_2844.jpg,800,sheets,28,2844,jpg,2022-02-12
3000/pollen_28_2845.jpg,3000,sheets,28,2845,jpg,2022-02-12
800/pollen_28_2845.jpg,800,sheets,28,2845,jpg,2022-02-12
3000/pollen_28_2846.jpg,3000,sheets,28,2846,jpg,2022-02-12
800/pollen_28_2846.jpg,800,sheets,28,2846,jpg,2022-02-12
3000/pollen_28_2847.jpg,3000,sheets,28,2847,jpg,2022-02-12
800/pollen_28_2847.jpg,800,sheets,28,2847,jpg,2022-02-12
3000/pollen_28_2848.jpg,3000,sheets,28,2848,jpg,2022-02-12
800/pollen_28_2848.jpg,800,sheets,28,2848,jpg,2022-02-12
3000/pollen_28_2849.jpg,3000,sheets,28,2849,jpg,2022-02-12
800/pollen_28_2849.jpg,800,sheets,28,2849,jpg,2022-02-12
3000/pollen_28_2850.jpg,3000,sheets,28,2850,jpg,2022-02-12
800/pollen_28_2850.jpg,800,sheets,28,2850,jpg,2022-02-12
